rank,variant,scfv_sequence,wt_ptm,wt_iptm,wt_ranking_score,wt_plddt_mean,wt_plddt_min,wt_plddt_max,wt_pae_min_ab,wt_pae_min_ba,wt_chain_iptm_scfv,wt_chain_iptm_egfr,wt_ipsae,wt_cif_path,mut_ptm,mut_iptm,mut_ranking_score,mut_plddt_mean,mut_plddt_min,mut_plddt_max,mut_pae_min_ab,mut_pae_min_ba,mut_chain_iptm_scfv,mut_chain_iptm_egfr,mut_ipsae,mut_cif_path,delta_ipsae,light_chain,perplexity
1,sofia_design_192,QVQLKQSGPGLVQPSQSLSITCTVSGFSLTNYGVHWVRQSPGKGLEWLGVIWSGGNTDYNTPFTSRLSINKDNSKSQVFFKMNSLQSNDTAIYYCARALTYYDYEFAYWGQGTLVTVSAGGGGSGGGGSGGGGSDILLTQSPVILSVSPGERVSFSCRASQSVDNNGNTYLNWYQQRTNGSPRLLIKYASESISGIPSRFSGSGSGTDFTLSINSVESEDIADYYCQQNNNWPTTFGAGTKLELKRTVAAPS,0.9218056797981262,0.9088311195373536,0.911426031589508,0.8941481709480286,0.363643616437912,0.9874482154846193,0.5401642322540283,0.4604012966156006,0.7171693444252014,0.698624312877655,0.8798460476513887,/home/olnagl/pipelines/t3_capsids/data/analysis/top100/structures/sofia_design_192.cif,0.7126900553703308,0.4116774797439575,0.4718799948692322,0.8339560031890869,0.2958429455757141,0.9767498970031738,5.82804536819458,6.539604187011719,0.3353203237056732,0.2723544836044311,0.0508726209715852,/home/olnagl/pipelines/t3_capsids/data/analysis/top100/structures/sofia_design_192_vs_egfr_mutant.cif,0.8289734266798036,DILLTQSPVILSVSPGERVSFSCRASQSVDNNGNTYLNWYQQRTNGSPRLLIKYASESISGIPSRFSGSGSGTDFTLSINSVESEDIADYYCQQNNNWPTTFGAGTKLELKRTVAAPS,5.443744045084206
2,comb_cdrl1_design_4_a107n_v50q,QVQLKQSGPGLVQPSQSLSITCTVSGFSLTNYGVHWVRQSPGKGLEWLGQIWSGGNTDYNTPFTSRLSINKDNSKSQVFFKMNSLQSNDTAIYYCARALTYYDYEFNYWGQGTLVTVSAGGGGSGGGGSGGGGSDILTQSPVILSVSPGERVSFSCRASQSLSGGNYLHIHWYQQRTNGSPKLLIRYASESISGIPSRFSGSGSGTDFTLSINSVDPEDIADYYCQQNNNWPTTFGAGTKLELK,0.9076730608940125,0.890281081199646,0.8937594771385193,0.8817737102508545,0.3843806087970733,0.98575621843338,0.6347900032997131,0.6324540972709656,0.6948761343955994,0.6624419093132019,0.8789538233961848,/home/olnagl/pipelines/t3_capsids/data/analysis/top100/structures/comb_cdrl1_design_4_a107n_v50q.cif,0.7405548691749573,0.4841716289520263,0.5354482769966126,0.8335634469985962,0.3136100769042969,0.9774576425552368,4.296224594116211,5.260204315185547,0.3943482339382171,0.3299739360809326,0.1442219040662684,/home/olnagl/pipelines/t3_capsids/data/analysis/top100/structures/comb_cdrl1_design_4_a107n_v50q_vs_egfr_mutant.cif,0.7347319193299163,DILTQSPVILSVSPGERVSFSCRASQSLSGGNYLHIHWYQQRTNGSPKLLIRYASESISGIPSRFSGSGSGTDFTLSINSVDPEDIADYYCQQNNNWPTTFGAGTKLELK,5.562926374711801
3,sofia_design_171,QVQLKQSGPGLVQPSQSLSITCTVSGFSLTNYGVHWVRQSPGKGLEWLGVIWSGGNTDYNTPFTSRLSINKDNSKSQVFFKMNSLQSNDTAIYYCARALTYYDYEFAYWGQGTLVTVSAGGGGSGGGGSGGGGSDILLTQSPVILSVSPGERVSFSCRASGGSVSNNSLNWYQQRTNGSPRLLIKYASESISGIPSRFSGSGSGTDFTLSINSVESEDIADYYCQQNNNWPTTFGAGTKLELKRTVAAPS,0.9153008460998536,0.9050318002700806,0.9070856094360352,0.888824999332428,0.4019818305969238,0.9875198602676392,0.5657033920288086,0.5052968263626099,0.7027973532676697,0.6878511309623718,0.8765285207614063,/home/olnagl/pipelines/t3_capsids/data/analysis/top100/structures/sofia_design_171.cif,0.6776368021965027,0.3467898368835449,0.4129592299461365,0.8245916962623596,0.3773461580276489,0.9754735231399536,6.547469139099121,8.16025161743164,0.278777152299881,0.2134240865707397,0.0145387798291686,/home/olnagl/pipelines/t3_capsids/data/analysis/top100/structures/sofia_design_171_vs_egfr_mutant.cif,0.8619897409322377,DILLTQSPVILSVSPGERVSFSCRASGGSVSNNSLNWYQQRTNGSPRLLIKYASESISGIPSRFSGSGSGTDFTLSINSVESEDIADYYCQQNNNWPTTFGAGTKLELKRTVAAPS,5.947363529786965
4,sofia_design_107,QVQLKQSGPGLVQPSQSLSITCTVSGFSLTNYGVHWVRQSPGKGLEWLGVIWSGGNTDYNTPFTSRLSINKDNSKSQVFFKMNSLQSNDTAIYYCARALTYYDYEFAYWGQGTLVTVSAGGGGSGGGGSGGGGSDILLTQSPVILSVSPGERVSFSCKASGGSVSNSNLNWYQQRTNGSPRLLIKYASESISGIPSRFSGSGSGTDFTLSINSVESEDIADYYCQQNNNWPTTFGAGTKLELKRTVAAPS,0.9151186347007751,0.905418336391449,0.9073583960533144,0.8878872394561768,0.4007528722286224,0.9876164197921752,0.5759933590888977,0.5152770280838013,0.6991656422615051,0.6868864297866821,0.8755867268711561,/home/olnagl/pipelines/t3_capsids/data/analysis/top100/structures/sofia_design_107.cif,0.6754447817802429,0.342300683259964,0.4089295029640197,0.8283283114433289,0.3803376257419586,0.9736294746398926,7.091699123382568,10.61313819885254,0.2775817513465881,0.1990716904401779,0.0120703617095979,/home/olnagl/pipelines/t3_capsids/data/analysis/top100/structures/sofia_design_107_vs_egfr_mutant.cif,0.8635163651615582,DILLTQSPVILSVSPGERVSFSCKASGGSVSNSNLNWYQQRTNGSPRLLIKYASESISGIPSRFSGSGSGTDFTLSINSVESEDIADYYCQQNNNWPTTFGAGTKLELKRTVAAPS,6.105219977657546
5,sofia_design_177,QVQLKQSGPGLVQPSQSLSITCTVSGFSLTNYGVHWVRQSPGKGLEWLGVIWSGGNTDYNTPFTSRLSINKDNSKSQVFFKMNSLQSNDTAIYYCARALTYYDYEFAYWGQGTLVTVSAGGGGSGGGGSGGGGSDILLTQSPVILSVSPGERVSFSCKASGGSVSSSNLNWYQQRTNGSPRLLIKYASESISGIPSRFSGSGSGTDFTLSINSVESEDIADYYCQQNNNWPTTFGAGTKLELKRTVAAPS,0.9155835509300232,0.9067298769950868,0.908500611782074,0.8880712985992432,0.4028747379779815,0.9874979257583618,0.5596402287483215,0.5199797749519348,0.6993489265441895,0.6882870197296143,0.8745181368699275,/home/olnagl/pipelines/t3_capsids/data/analysis/top100/structures/sofia_design_177.cif,0.6784564852714539,0.3493709564208984,0.4151880621910095,0.8251519203186035,0.3856712579727173,0.974193036556244,6.328057765960693,9.593860626220703,0.2830868065357208,0.2058563530445099,0.0134852560896805,/home/olnagl/pipelines/t3_capsids/data/analysis/top100/structures/sofia_design_177_vs_egfr_mutant.cif,0.861032880780247,DILLTQSPVILSVSPGERVSFSCKASGGSVSSSNLNWYQQRTNGSPRLLIKYASESISGIPSRFSGSGSGTDFTLSINSVESEDIADYYCQQNNNWPTTFGAGTKLELKRTVAAPS,5.95576521139758
6,comb_cdrl1_design_4_a107n,QVQLKQSGPGLVQPSQSLSITCTVSGFSLTNYGVHWVRQSPGKGLEWLGVIWSGGNTDYNTPFTSRLSINKDNSKSQVFFKMNSLQSNDTAIYYCARALTYYDYEFNYWGQGTLVTVSAGGGGSGGGGSGGGGSDILTQSPVILSVSPGERVSFSCRASQSLSGGNYLHIHWYQQRTNGSPKLLIRYASESISGIPSRFSGSGSGTDFTLSINSVDPEDIADYYCQQNNNWPTTFGAGTKLELK,0.908721089363098,0.8861700296401978,0.8906802415847779,0.8830055594444275,0.3987096846103668,0.985341727733612,0.7254714369773865,0.6473572254180908,0.6935364603996277,0.6696046590805054,0.8731822425267761,/home/olnagl/pipelines/t3_capsids/data/analysis/top100/structures/comb_cdrl1_design_4_a107n.cif,0.7018898725509644,0.3920110464096069,0.4539868116378784,0.8277068138122559,0.3660169243812561,0.9754597544670104,6.955173492431641,8.884071350097656,0.3247900307178497,0.2297507673501968,0.0194979721572533,/home/olnagl/pipelines/t3_capsids/data/analysis/top100/structures/comb_cdrl1_design_4_a107n_vs_egfr_mutant.cif,0.8536842703695228,DILTQSPVILSVSPGERVSFSCRASQSLSGGNYLHIHWYQQRTNGSPKLLIRYASESISGIPSRFSGSGSGTDFTLSINSVDPEDIADYYCQQNNNWPTTFGAGTKLELK,5.562926374711801
7,sofia_design_142,QVQLKQSGPGLVQPSQSLSITCTVSGFSLTNYGVHWVRQSPGKGLEWLGVIWSGGNTDYNTPFTSRLSINKDNSKSQVFFKMNSLQSNDTAIYYCARALTYYDYEFAYWGQGTLVTVSAGGGGSGGGGSGGGGSDILLTQSPVILSVSPGERVSFSCRASQSVDNNGNSYLNWYQQRTNGSPRLLIKYASESISGIPSRFSGSGSGTDFTLSINSVESEDIADYYCQQNNNWPTTFGAGTKLELKRTVAAPS,0.9198638796806335,0.9035563468933104,0.9068178534507751,0.8930742144584656,0.3652850091457367,0.9872299432754515,0.5882085561752319,0.4906523823738098,0.7147679924964905,0.6930617094039917,0.87277919810407,/home/olnagl/pipelines/t3_capsids/data/analysis/top100/structures/sofia_design_142.cif,0.7545029520988464,0.5131400227546692,0.5614126086235047,0.8395259380340576,0.3697158694267273,0.9807936549186708,4.933475494384766,6.14585018157959,0.4093340635299682,0.3435522615909576,0.1492626319571656,/home/olnagl/pipelines/t3_capsids/data/analysis/top100/structures/sofia_design_142_vs_egfr_mutant.cif,0.7235165661469044,DILLTQSPVILSVSPGERVSFSCRASQSVDNNGNSYLNWYQQRTNGSPRLLIKYASESISGIPSRFSGSGSGTDFTLSINSVESEDIADYYCQQNNNWPTTFGAGTKLELKRTVAAPS,5.530466626822985
8,cdrl1_design_4,QVQLKQSGPGLVQPSQSLSITCTVSGFSLTNYGVHWVRQSPGKGLEWLGVIWSGGNTDYNTPFTSRLSINKDNSKSQVFFKMNSLQSNDTAIYYCARALTYYDYEFAYWGQGTLVTVSAGGGGSGGGGSGGGGSDILTQSPVILSVSPGERVSFSCRASQSLSGGNYLHIHWYQQRTNGSPKLLIRYASESISGIPSRFSGSGSGTDFTLSINSVDPEDIADYYCQQNNNWPTTFGAGTKLELK,0.9059703946113586,0.883622407913208,0.8880920052528383,0.8828454613685608,0.3904360234737396,0.9859501719474792,0.7500753402709961,0.6612164974212646,0.6933729648590088,0.6630799174308777,0.8726967180917418,/home/olnagl/pipelines/t3_capsids/data/analysis/top100/structures/cdrl1_design_4.cif,0.6985564827919006,0.3804669678211212,0.4440848708152771,0.8284600973129272,0.3725733458995819,0.9773256182670592,7.028527736663818,10.16928005218506,0.3170650005340576,0.218031644821167,0.0121208483884821,/home/olnagl/pipelines/t3_capsids/data/analysis/top100/structures/cdrl1_design_4_vs_egfr_mutant.cif,0.8605758697032596,DILTQSPVILSVSPGERVSFSCRASQSLSGGNYLHIHWYQQRTNGSPKLLIRYASESISGIPSRFSGSGSGTDFTLSINSVDPEDIADYYCQQNNNWPTTFGAGTKLELK,5.562926374711801
9,regmodel_lg30f_ha101n,QVQLQQSGPGLVQPSQSLSITCTVSGFSLTNYGVHWVRQSPGKGLEWLGVIWSGGNIDYNTPFTSRLSISRDTSKSQVFFKMNSLQTDDTAIYYCARALTYYDYEFNYWGQGTLVTVSSGGGGSGGGGSGGGGSDILTQSPVILSVSPGERVSFSCRASQSIFTNIHWYQQRTNGSPKLLIRYASESISGIPSRFSGSGSGTDFTLSINSVDPEDIADYYCQQNNNWPTTFGAGTKLELK,0.9170494079589844,0.8920612931251526,0.8970589160919189,0.8890817165374756,0.3114779591560364,0.986796736717224,0.6492071151733398,0.4941087663173675,0.713921844959259,0.6816986799240112,0.8721719331963472,/home/olnagl/pipelines/t3_capsids/data/analysis/top100/structures/regmodel_lg30f_ha101n.cif,0.6833280920982361,0.3545016646385193,0.4202669501304626,0.8350374698638916,0.3050002157688141,0.976720690727234,6.853669166564941,9.17970085144043,0.2918966710567474,0.2064655572175979,0.0131583554583208,/home/olnagl/pipelines/t3_capsids/data/analysis/top100/structures/regmodel_lg30f_ha101n_vs_egfr_mutant.cif,0.8590135777380263,DILTQSPVILSVSPGERVSFSCRASQSIFTNIHWYQQRTNGSPKLLIRYASESISGIPSRFSGSGSGTDFTLSINSVDPEDIADYYCQQNNNWPTTFGAGTKLELK,4.373440746588024
10,sofia_design_194,QVQLKQSGPGLVQPSQSLSITCTVSGFSLTNYGVHWVRQSPGKGLEWLGVIWSGGNTDYNTPFTSRLSINKDNSKSQVFFKMNSLQSNDTAIYYCARALTYYDYEFAYWGQGTLVTVSAGGGGSGGGGSGGGGSDILLTQSPVILSVSPGERVSFSCRSSQSVYTNGNNYLNWYQQRTNGSPRLLIKYASESISGIPSRFSGSGSGTDFTLSINSVESEDIADYYCQQNNNWPTTFGAGTKLELKRTVAAPS,0.9200886487960817,0.9054049849510192,0.9083417177200316,0.89410001039505,0.3935388624668121,0.987167477607727,0.5971303582191467,0.5354228019714355,0.7145195603370667,0.6951691508293152,0.8719924450166058,/home/olnagl/pipelines/t3_capsids/data/analysis/top100/structures/sofia_design_194.cif,0.6682428121566772,0.2980499565601349,0.3720885276794434,0.8345350623130798,0.3582523465156555,0.9819722771644592,6.914400100708008,12.747819900512695,0.2461375743150711,0.1820304095745086,0.0128170578901974,/home/olnagl/pipelines/t3_capsids/data/analysis/top100/structures/sofia_design_194_vs_egfr_mutant.cif,0.8591753871264083,DILLTQSPVILSVSPGERVSFSCRSSQSVYTNGNNYLNWYQQRTNGSPRLLIKYASESISGIPSRFSGSGSGTDFTLSINSVESEDIADYYCQQNNNWPTTFGAGTKLELKRTVAAPS,5.874422221307498
11,sofia_design_128,QVQLKQSGPGLVQPSQSLSITCTVSGFSLTNYGVHWVRQSPGKGLEWLGVIWSGGNTDYNTPFTSRLSINKDNSKSQVFFKMNSLQSNDTAIYYCARALTYYDYEFAYWGQGTLVTVSAGGGGSGGGGSGGGGSDILLTQSPVILSVSPGERVSFSCRASQSISSSSLNWYQQRTNGSPRLLIKYASESISGIPSRFSGSGSGTDFTLSINSVESEDIADYYCQQNNNWPTTFGAGTKLELKRTVAAPS,0.9154410362243652,0.9026371240615844,0.9051979064941408,0.8903366923332214,0.4176483154296875,0.9874248504638672,0.6036701798439026,0.5496113896369934,0.7026293277740479,0.6859791874885559,0.8708497642930295,/home/olnagl/pipelines/t3_capsids/data/analysis/top100/structures/sofia_design_128.cif,0.6737890243530273,0.3240845203399658,0.3940254211425781,0.8311069011688232,0.3714476525783539,0.9764320254325868,6.609861373901367,9.467439651489258,0.2622638344764709,0.1961815357208252,0.0130301437059322,/home/olnagl/pipelines/t3_capsids/data/analysis/top100/structures/sofia_design_128_vs_egfr_mutant.cif,0.8578196205870973,DILLTQSPVILSVSPGERVSFSCRASQSISSSSLNWYQQRTNGSPRLLIKYASESISGIPSRFSGSGSGTDFTLSINSVESEDIADYYCQQNNNWPTTFGAGTKLELKRTVAAPS,5.402741213765115
12,sofia_design_095,QVQLKQSGPGLVQPSQSLSITCTVSGFSLTNYGVHWVRQSPGKGLEWLGVIWSGGNTDYNTPFTSRLSINKDNSKSQVFFKMNSLQSNDTAIYYCARALTYYDYEFAYWGQGTLVTVSAGGGGSGGGGSGGGGSDILLTQSPVILSVSPGERVSFSCRASGGSISNNNLNWYQQRTNGSPRLLIKYASESISGIPSRFSGSGSGTDFTLSINSVESEDIADYYCQQNNNWPTTFGAGTKLELKRTVAAPS,0.9110376834869384,0.900593101978302,0.9026820182800293,0.8845888376235962,0.4001641571521759,0.9870055913925172,0.5937860012054443,0.5427792072296143,0.6936343312263489,0.679521918296814,0.8698766321871515,/home/olnagl/pipelines/t3_capsids/data/analysis/top100/structures/sofia_design_095.cif,0.6770229935646057,0.3450296819210052,0.4114283442497253,0.8267378807067871,0.381400316953659,0.9749423265457152,6.695643424987793,9.16489028930664,0.2793587744235992,0.2088693976402282,0.0125995811750243,/home/olnagl/pipelines/t3_capsids/data/analysis/top100/structures/sofia_design_095_vs_egfr_mutant.cif,0.8572770510121271,DILLTQSPVILSVSPGERVSFSCRASGGSISNNNLNWYQQRTNGSPRLLIKYASESISGIPSRFSGSGSGTDFTLSINSVESEDIADYYCQQNNNWPTTFGAGTKLELKRTVAAPS,5.841881470842507
13,sofia_design_145,QVQLKQSGPGLVQPSQSLSITCTVSGFSLTNYGVHWVRQSPGKGLEWLGVIWSGGNTDYNTPFTSRLSINKDNSKSQVFFKMNSLQSNDTAIYYCARALTYYDYEFAYWGQGTLVTVSAGGGGSGGGGSGGGGSDILLTQSPVILSVSPGERVSFSCRASQSVDNNGNNYLNWYQQRTNGSPRLLIKYASESISGIPSRFSGSGSGTDFTLSINSVESEDIADYYCQQNNNWPTTFGAGTKLELKRTVAAPS,0.9194650650024414,0.903636395931244,0.9068021297454836,0.890718936920166,0.3688679337501526,0.9871878623962402,0.6631032228469849,0.5326433777809143,0.7055952548980713,0.6922175884246826,0.8697523567447454,/home/olnagl/pipelines/t3_capsids/data/analysis/top100/structures/sofia_design_145.cif,0.6907503008842468,0.35468190908432,0.4218955874443054,0.8302173614501953,0.330666571855545,0.9800665974617004,5.359585285186768,7.655384063720703,0.2891719341278076,0.2237739562988281,0.0301586849797898,/home/olnagl/pipelines/t3_capsids/data/analysis/top100/structures/sofia_design_145_vs_egfr_mutant.cif,0.8395936717649556,DILLTQSPVILSVSPGERVSFSCRASQSVDNNGNNYLNWYQQRTNGSPRLLIKYASESISGIPSRFSGSGSGTDFTLSINSVESEDIADYYCQQNNNWPTTFGAGTKLELKRTVAAPS,5.691554404923324
14,sofia_design_112,QVQLKQSGPGLVQPSQSLSITCTVSGFSLTNYGVHWVRQSPGKGLEWLGVIWSGGNTDYNTPFTSRLSINKDNSKSQVFFKMNSLQSNDTAIYYCARALTYYDYEFAYWGQGTLVTVSAGGGGSGGGGSGGGGSDILLTQSPVILSVSPGERVSFSCRASQSISNSNLNWYQQRTNGSPRLLIKYASESISGIPSRFSGSGSGTDFTLSINSVESEDIADYYCQQNNNWPTTFGAGTKLELKRTVAAPS,0.9125645756721495,0.8985816836357117,0.9013782620429992,0.8867160081863403,0.4179635643959045,0.9872400164604188,0.6524414420127869,0.5708674192428589,0.6961739659309387,0.6794396638870239,0.8670597525417564,/home/olnagl/pipelines/t3_capsids/data/analysis/top100/structures/sofia_design_112.cif,0.6942726969718933,0.3796780109405517,0.44259694814682,0.8326177597045898,0.3912572860717773,0.978339672088623,5.3542585372924805,7.108985900878906,0.3043404817581177,0.2273444980382919,0.0429787696467834,/home/olnagl/pipelines/t3_capsids/data/analysis/top100/structures/sofia_design_112_vs_egfr_mutant.cif,0.8240809828949729,DILLTQSPVILSVSPGERVSFSCRASQSISNSNLNWYQQRTNGSPRLLIKYASESISGIPSRFSGSGSGTDFTLSINSVESEDIADYYCQQNNNWPTTFGAGTKLELKRTVAAPS,5.726040068273119
15,sofia_design_066,QVQLKQSGPGLVQPSQSLSITCTVSGFSLTNYGVHWVRQSPGKGLEWLGVIWSGGNTDYNTPFTSRLSINKDNSKSQVFFKMNSLQSNDTAIYYCARALTYYDYEFAYWGQGTLVTVSAGGGGSGGGGSGGGGSDILLTQSPVILSVSPGERVSFSCRASQSISSNNLNWYQQRTNGSPRLLIKYASESISGIPSRFSGSGSGTDFTLSINSVESEDIADYYCQQNNNWPTTFGAGTKLELKRTVAAPS,0.9133666157722472,0.9004570245742798,0.9030389428138734,0.8869045376777649,0.4167743325233459,0.987247347831726,0.624189019203186,0.5470077991485596,0.6970697641372681,0.6798143982887268,0.8670006326988077,/home/olnagl/pipelines/t3_capsids/data/analysis/top100/structures/sofia_design_066.cif,0.6682013869285583,0.3210749626159668,0.3905002474784851,0.8217076659202576,0.343719869852066,0.9760198593139648,6.667350769042969,8.083580017089844,0.2587119936943054,0.1886819750070572,0.0128729569201842,/home/olnagl/pipelines/t3_capsids/data/analysis/top100/structures/sofia_design_066_vs_egfr_mutant.cif,0.8541276757786235,DILLTQSPVILSVSPGERVSFSCRASQSISSNNLNWYQQRTNGSPRLLIKYASESISGIPSRFSGSGSGTDFTLSINSVESEDIADYYCQQNNNWPTTFGAGTKLELKRTVAAPS,5.514976091841368
16,sofia_design_185,QVQLKQSGPGLVQPSQSLSITCTVSGFSLTNYGVHWVRQSPGKGLEWLGVIWSGGNTDYNTPFTSRLSINKDNSKSQVFFKMNSLQSNDTAIYYCARALTYYDYEFAYWGQGTLVTVSAGGGGSGGGGSGGGGSDILLTQSPVILSVSPGERVSFSCRASQSVSNSNLNWYQQRTNGSPRLLIKYASESISGIPSRFSGSGSGTDFTLSINSVESEDIADYYCQQNNNWPTTFGAGTKLELKRTVAAPS,0.9133700132369996,0.9023507237434388,0.904554581642151,0.8875963687896729,0.4210402369499206,0.9874647855758668,0.612234890460968,0.5368465781211853,0.6972376704216003,0.6824911832809448,0.8669957690361402,/home/olnagl/pipelines/t3_capsids/data/analysis/top100/structures/sofia_design_185.cif,0.6631134152412415,0.3028590679168701,0.3749099373817444,0.8264145851135254,0.3744061291217804,0.9755373001098632,6.941529273986816,9.63601779937744,0.2479882091283798,0.1860328763723373,0.0142102716869364,/home/olnagl/pipelines/t3_capsids/data/analysis/top100/structures/sofia_design_185_vs_egfr_mutant.cif,0.8527854973492037,DILLTQSPVILSVSPGERVSFSCRASQSVSNSNLNWYQQRTNGSPRLLIKYASESISGIPSRFSGSGSGTDFTLSINSVESEDIADYYCQQNNNWPTTFGAGTKLELKRTVAAPS,5.679864575450552
17,sofia_design_147,QVQLKQSGPGLVQPSQSLSITCTVSGFSLTNYGVHWVRQSPGKGLEWLGVIWSGGNTDYNTPFTSRLSINKDNSKSQVFFKMNSLQSNDTAIYYCARALTYYDYEFAYWGQGTLVTVSAGGGGSGGGGSGGGGSDILLTQSPVILSVSPGERVSFSCRASQSVDSGGNNYLNWYQQRTNGSPRLLIKYASESISGIPSRFSGSGSGTDFTLSINSVESEDIADYYCQQNNNWPTTFGAGTKLELKRTVAAPS,0.9183574914932252,0.9020381569862366,0.9053020238876344,0.8899205923080444,0.3899739682674408,0.9871044158935548,0.700832724571228,0.5538403391838074,0.703204870223999,0.6886911988258362,0.8652841206904869,/home/olnagl/pipelines/t3_capsids/data/analysis/top100/structures/sofia_design_147.cif,0.7037571668624878,0.3914558589458465,0.4539161205291748,0.8311024904251099,0.3474583625793457,0.9792442917823792,6.017141342163086,7.880609512329102,0.3138123154640198,0.2498511970043182,0.0284986975836344,/home/olnagl/pipelines/t3_capsids/data/analysis/top100/structures/sofia_design_147_vs_egfr_mutant.cif,0.8367854231068524,DILLTQSPVILSVSPGERVSFSCRASQSVDSGGNNYLNWYQQRTNGSPRLLIKYASESISGIPSRFSGSGSGTDFTLSINSVESEDIADYYCQQNNNWPTTFGAGTKLELKRTVAAPS,5.793397998984104
18,sofia_design_150,QVQLKQSGPGLVQPSQSLSITCTVSGFSLTNYGVHWVRQSPGKGLEWLGVIWSGGNTDYNTPFTSRLSINKDNSKSQVFFKMNSLQSNDTAIYYCARALTYYDYEFAYWGQGTLVTVSAGGGGSGGGGSGGGGSDILLTQSPVILSVSPGERVSFSCRASQSVDSYYTYLNWYQQRTNGSPRLLIKYASESISGIPSRFSGSGSGTDFTLSINSVESEDIADYYCQQNNNWPTTFGAGTKLELKRTVAAPS,0.9183353781700134,0.902495801448822,0.9056637167930603,0.8900136351585388,0.365892231464386,0.9868995547294616,0.6821761727333069,0.5856013298034668,0.7023929953575134,0.688309371471405,0.8652341546847672,/home/olnagl/pipelines/t3_capsids/data/analysis/top100/structures/sofia_design_150.cif,0.6185281872749329,0.1707676351070404,0.2603197455406189,0.8270430564880371,0.3281449973583221,0.9773999452590942,7.377683639526367,18.52333068847656,0.1512839347124099,0.0735219419002533,0.0136279401479673,/home/olnagl/pipelines/t3_capsids/data/analysis/top100/structures/sofia_design_150_vs_egfr_mutant.cif,0.8516062145367999,DILLTQSPVILSVSPGERVSFSCRASQSVDSYYTYLNWYQQRTNGSPRLLIKYASESISGIPSRFSGSGSGTDFTLSINSVESEDIADYYCQQNNNWPTTFGAGTKLELKRTVAAPS,6.094397749285286
19,sofia_design_134,QVQLKQSGPGLVQPSQSLSITCTVSGFSLTNYGVHWVRQSPGKGLEWLGVIWSGGNTDYNTPFTSRLSINKDNSKSQVFFKMNSLQSNDTAIYYCARALTYYDYEFAYWGQGTLVTVSAGGGGSGGGGSGGGGSDILLTQSPVILSVSPGERVSFSCRASQSLSNSNLNWYQQRTNGSPRLLIKYASESISGIPSRFSGSGSGTDFTLSINSVESEDIADYYCQQNNNWPTTFGAGTKLELKRTVAAPS,0.9134409427642822,0.8983534574508667,0.9013709545135498,0.8892872929573059,0.4151671528816223,0.9872778654098512,0.6744498014450073,0.5673522353172302,0.7014951109886169,0.6806202530860901,0.8648013791979693,/home/olnagl/pipelines/t3_capsids/data/analysis/top100/structures/sofia_design_134.cif,0.6767293214797974,0.3329326808452606,0.4016920089721679,0.8258355855941772,0.3407585620880127,0.9775428175926208,6.221418857574463,7.652324676513672,0.2708145678043365,0.1953330039978027,0.015280388428304,/home/olnagl/pipelines/t3_capsids/data/analysis/top100/structures/sofia_design_134_vs_egfr_mutant.cif,0.8495209907696653,DILLTQSPVILSVSPGERVSFSCRASQSLSNSNLNWYQQRTNGSPRLLIKYASESISGIPSRFSGSGSGTDFTLSINSVESEDIADYYCQQNNNWPTTFGAGTKLELKRTVAAPS,5.778602287771656
20,sofia_design_108,QVQLKQSGPGLVQPSQSLSITCTVSGFSLTNYGVHWVRQSPGKGLEWLGVIWSGGNTDYNTPFTSRLSINKDNSKSQVFFKMNSLQSNDTAIYYCARALTYYDYEFAYWGQGTLVTVSAGGGGSGGGGSGGGGSDILLTQSPVILSVSPGERVSFSCRASGGSVNNNNLNWYQQRTNGSPRLLIKYASESISGIPSRFSGSGSGTDFTLSINSVESEDIADYYCQQNNNWPTTFGAGTKLELKRTVAAPS,0.9111834168434144,0.8978264331817627,0.9004978299140931,0.8818628787994385,0.405053973197937,0.9872206449508668,0.6364409923553467,0.5800873041152954,0.6880305409431458,0.6761244535446167,0.8642606979374966,/home/olnagl/pipelines/t3_capsids/data/analysis/top100/structures/sofia_design_108.cif,0.6818175911903381,0.3606520593166351,0.4248851656913757,0.8227201700210571,0.3842862844467163,0.9777873158454896,5.942523002624512,7.304971218109131,0.2890321612358093,0.2210691422224044,0.0265513985805209,/home/olnagl/pipelines/t3_capsids/data/analysis/top100/structures/sofia_design_108_vs_egfr_mutant.cif,0.8377092993569757,DILLTQSPVILSVSPGERVSFSCRASGGSVNNNNLNWYQQRTNGSPRLLIKYASESISGIPSRFSGSGSGTDFTLSINSVESEDIADYYCQQNNNWPTTFGAGTKLELKRTVAAPS,6.043072200972099
21,sofia_design_187,QVQLKQSGPGLVQPSQSLSITCTVSGFSLTNYGVHWVRQSPGKGLEWLGVIWSGGNTDYNTPFTSRLSINKDNSKSQVFFKMNSLQSNDTAIYYCARALTYYDYEFAYWGQGTLVTVSAGGGGSGGGGSGGGGSDILLTQSPVILSVSPGERVSFSCRSSQSVDSNGNNYLNWYQQRTNGSPRLLIKYASESISGIPSRFSGSGSGTDFTLSINSVESEDIADYYCQQNNNWPTTFGAGTKLELKRTVAAPS,0.9175002574920654,0.9016293287277222,0.9048035144805908,0.8887088298797607,0.3649969398975372,0.9870262145996094,0.6857125163078308,0.5330089330673218,0.7004402279853821,0.6888060569763184,0.8638497776533183,/home/olnagl/pipelines/t3_capsids/data/analysis/top100/structures/sofia_design_187.cif,0.7053557634353638,0.3950545191764831,0.4571147680282593,0.8338843584060669,0.3765960931777954,0.9788574576377868,4.964493751525879,6.357270240783691,0.3167606890201568,0.2518986165523529,0.053675124475167,/home/olnagl/pipelines/t3_capsids/data/analysis/top100/structures/sofia_design_187_vs_egfr_mutant.cif,0.8101746531781513,DILLTQSPVILSVSPGERVSFSCRSSQSVDSNGNNYLNWYQQRTNGSPRLLIKYASESISGIPSRFSGSGSGTDFTLSINSVESEDIADYYCQQNNNWPTTFGAGTKLELKRTVAAPS,5.763212262378045
22,sofia_design_165,QVQLKQSGPGLVQPSQSLSITCTVSGFSLTNYGVHWVRQSPGKGLEWLGVIWSGGNTDYNTPFTSRLSINKDNSKSQVFFKMNSLQSNDTAIYYCARALTYYDYEFAYWGQGTLVTVSAGGGGSGGGGSGGGGSDILLTQSPVILSVSPGERVSFSCRASGGSVYSNNLNWYQQRTNGSPRLLIKYASESISGIPSRFSGSGSGTDFTLSINSVESEDIADYYCQQNNNWPTTFGAGTKLELKRTVAAPS,0.908668339252472,0.8992973566055298,0.9011715531349184,0.878795325756073,0.3830151557922363,0.987292468547821,0.6442477703094482,0.5470041632652283,0.6833105087280273,0.6745198965072632,0.8621422528494548,/home/olnagl/pipelines/t3_capsids/data/analysis/top100/structures/sofia_design_165.cif,0.6720365285873413,0.3291504681110382,0.3977276802062988,0.8187342882156372,0.3596745431423187,0.9763780236244202,6.15914249420166,7.65622615814209,0.2639527916908264,0.1961366683244705,0.0147503526792518,/home/olnagl/pipelines/t3_capsids/data/analysis/top100/structures/sofia_design_165_vs_egfr_mutant.cif,0.8473919001702029,DILLTQSPVILSVSPGERVSFSCRASGGSVYSNNLNWYQQRTNGSPRLLIKYASESISGIPSRFSGSGSGTDFTLSINSVESEDIADYYCQQNNNWPTTFGAGTKLELKRTVAAPS,6.000314135924289
23,sofia_design_126,QVQLKQSGPGLVQPSQSLSITCTVSGFSLTNYGVHWVRQSPGKGLEWLGVIWSGGNTDYNTPFTSRLSINKDNSKSQVFFKMNSLQSNDTAIYYCARALTYYDYEFAYWGQGTLVTVSAGGGGSGGGGSGGGGSDILLTQSPVILSVSPGERVSFSCRASQSISSSNLNWYQQRTNGSPRLLIKYASESISGIPSRFSGSGSGTDFTLSINSVESEDIADYYCQQNNNWPTTFGAGTKLELKRTVAAPS,0.9129430651664734,0.9003002047538757,0.9028287768363952,0.8867167234420776,0.4196712970733642,0.9869877099990844,0.6173513531684875,0.5658352375030518,0.6949487924575806,0.6795355081558228,0.862006522921924,/home/olnagl/pipelines/t3_capsids/data/analysis/top100/structures/sofia_design_126.cif,0.6829562187194824,0.3520548045635223,0.4182350873947144,0.8327301144599915,0.389779269695282,0.9779001474380492,6.177560806274414,7.754993915557861,0.28143310546875,0.2209587693214416,0.0262119887858797,/home/olnagl/pipelines/t3_capsids/data/analysis/top100/structures/sofia_design_126_vs_egfr_mutant.cif,0.8357945341360443,DILLTQSPVILSVSPGERVSFSCRASQSISSSNLNWYQQRTNGSPRLLIKYASESISGIPSRFSGSGSGTDFTLSINSVESEDIADYYCQQNNNWPTTFGAGTKLELKRTVAAPS,5.589677070843621
24,sofia_design_104,QVQLKQSGPGLVQPSQSLSITCTVSGFSLTNYGVHWVRQSPGKGLEWLGVIWSGGNTDYNTPFTSRLSINKDNSKSQVFFKMNSLQSNDTAIYYCARALTYYDYEFAYWGQGTLVTVSAGGGGSGGGGSGGGGSDILLTQSPVILSVSPGERVSFSCRASQSVDSNGNNYLNWYQQRTNGSPRLLIKYASESISGIPSRFSGSGSGTDFTLSINSVESEDIADYYCQQNNNWPTTFGAGTKLELKRTVAAPS,0.9174793362617492,0.9013268351554872,0.9045573353767395,0.8889245986938477,0.3662558794021606,0.987015426158905,0.6805222034454346,0.5383007526397705,0.7018059492111206,0.6879796981811523,0.8612983331665249,/home/olnagl/pipelines/t3_capsids/data/analysis/top100/structures/sofia_design_104.cif,0.7103179097175598,0.4113966226577759,0.4711808800697327,0.8353954553604126,0.3875098824501037,0.9778834581375122,5.5832719802856445,6.204187393188477,0.3329126536846161,0.2656314074993133,0.0697119109044289,/home/olnagl/pipelines/t3_capsids/data/analysis/top100/structures/sofia_design_104_vs_egfr_mutant.cif,0.791586422262096,DILLTQSPVILSVSPGERVSFSCRASQSVDSNGNNYLNWYQQRTNGSPRLLIKYASESISGIPSRFSGSGSGTDFTLSINSVESEDIADYYCQQNNNWPTTFGAGTKLELKRTVAAPS,5.695004195138413
25,comb_cdrl1_design_5_a107n_v50q,QVQLKQSGPGLVQPSQSLSITCTVSGFSLTNYGVHWVRQSPGKGLEWLGQIWSGGNTDYNTPFTSRLSINKDNSKSQVFFKMNSLQSNDTAIYYCARALTYYDYEFNYWGQGTLVTVSAGGGGSGGGGSGGGGSDILTQSPVILSVSPGERVSFSCRSSQSVTTNGNNYLNIHWYQQRTNGSPKLLIRYASESISGIPSRFSGSGSGTDFTLSINSVDPEDIADYYCQQNNNWPTTFGAGTKLELK,0.9105494022369384,0.8897857069969177,0.893938446044922,0.8710635900497437,0.2779200077056885,0.986478626728058,0.6301034688949585,0.5946028232574463,0.6820687651634216,0.6729317307472229,0.8597570859239607,/home/olnagl/pipelines/t3_capsids/data/analysis/top100/structures/comb_cdrl1_design_5_a107n_v50q.cif,0.6895489692687988,0.3743556439876556,0.4373943090438843,0.8187966346740723,0.3017167150974273,0.9765881896018982,5.488385677337647,7.654165267944336,0.3002565503120422,0.2386966347694397,0.0377462307883722,/home/olnagl/pipelines/t3_capsids/data/analysis/top100/structures/comb_cdrl1_design_5_a107n_v50q_vs_egfr_mutant.cif,0.8220108551355885,DILTQSPVILSVSPGERVSFSCRSSQSVTTNGNNYLNIHWYQQRTNGSPKLLIRYASESISGIPSRFSGSGSGTDFTLSINSVDPEDIADYYCQQNNNWPTTFGAGTKLELK,5.777352825256937
26,sofia_design_164,QVQLKQSGPGLVQPSQSLSITCTVSGFSLTNYGVHWVRQSPGKGLEWLGVIWSGGNTDYNTPFTSRLSINKDNSKSQVFFKMNSLQSNDTAIYYCARALTYYDYEFAYWGQGTLVTVSAGGGGSGGGGSGGGGSDILLTQSPVILSVSPGERVSFSCRASGGSVYNSSLNWYQQRTNGSPRLLIKYASESISGIPSRFSGSGSGTDFTLSINSVESEDIADYYCQQNNNWPTTFGAGTKLELKRTVAAPS,0.9091970920562744,0.8970174789428711,0.8994534015655518,0.8798446655273438,0.4003362357616424,0.9873731732368468,0.64256352186203,0.5747350454330444,0.6813985109329224,0.6755913496017456,0.8569443892537024,/home/olnagl/pipelines/t3_capsids/data/analysis/top100/structures/sofia_design_164.cif,0.6790439486503601,0.3474649786949157,0.4137807726860046,0.8274479508399963,0.3815870285034179,0.9765487313270568,7.192707538604736,10.554281234741213,0.2797525525093078,0.2067876458168029,0.0127022332628127,/home/olnagl/pipelines/t3_capsids/data/analysis/top100/structures/sofia_design_164_vs_egfr_mutant.cif,0.8442421559908897,DILLTQSPVILSVSPGERVSFSCRASGGSVYNSSLNWYQQRTNGSPRLLIKYASESISGIPSRFSGSGSGTDFTLSINSVESEDIADYYCQQNNNWPTTFGAGTKLELKRTVAAPS,6.086904062600876
27,comb_cdrl1_wt_a107n,QVQLKQSGPGLVQPSQSLSITCTVSGFSLTNYGVHWVRQSPGKGLEWLGVIWSGGNTDYNTPFTSRLSINKDNSKSQVFFKMNSLQSNDTAIYYCARALTYYDYEFNYWGQGTLVTVSAGGGGSGGGGSGGGGSDILTQSPVILSVSPGERVSFSCRASQSISTYLNIHWYQQRTNGSPKLLIRYASESISGIPSRFSGSGSGTDFTLSINSVDPEDIADYYCQQNNNWPTTFGAGTKLELK,0.9122931957244872,0.8910674452781677,0.8953125953674317,0.8831987977027893,0.3886705935001373,0.9866506457328796,0.6844005584716797,0.6405295133590698,0.6953008770942688,0.6720343232154846,0.8559369915706345,/home/olnagl/pipelines/t3_capsids/data/analysis/top100/structures/comb_cdrl1_wt_a107n.cif,0.6624667048454285,0.3005984425544739,0.3729720950126648,0.8257283568382263,0.3691734671592712,0.976186752319336,7.032259941101074,9.237911224365234,0.2490611970424652,0.1881827563047409,0.013625925241333,/home/olnagl/pipelines/t3_capsids/data/analysis/top100/structures/comb_cdrl1_wt_a107n_vs_egfr_mutant.cif,0.8423110663293015,DILTQSPVILSVSPGERVSFSCRASQSISTYLNIHWYQQRTNGSPKLLIRYASESISGIPSRFSGSGSGTDFTLSINSVDPEDIADYYCQQNNNWPTTFGAGTKLELK,5.041791588011252
28,sofia_design_125,QVQLKQSGPGLVQPSQSLSITCTVSGFSLTNYGVHWVRQSPGKGLEWLGVIWSGGNTDYNTPFTSRLSINKDNSKSQVFFKMNSLQSNDTAIYYCARALTYYDYEFAYWGQGTLVTVSAGGGGSGGGGSGGGGSDILLTQSPVILSVSPGERVSFSCTASQSISNNNLNWYQQRTNGSPRLLIKYASESISGIPSRFSGSGSGTDFTLSINSVESEDIADYYCQQNNNWPTTFGAGTKLELKRTVAAPS,0.910367786884308,0.8928794860839844,0.8963771462440492,0.8863375186920166,0.4193455278873443,0.9868848919868468,0.6677193641662598,0.6111339330673218,0.691561222076416,0.6760124564170837,0.8556657377566917,/home/olnagl/pipelines/t3_capsids/data/analysis/top100/structures/sofia_design_125.cif,0.6704772710800171,0.3198194503784179,0.3899510145187378,0.825777530670166,0.3340110182762146,0.977109432220459,5.9965667724609375,7.404664039611816,0.2616606652736664,0.1854754835367202,0.0148743215440781,/home/olnagl/pipelines/t3_capsids/data/analysis/top100/structures/sofia_design_125_vs_egfr_mutant.cif,0.8407914162126136,DILLTQSPVILSVSPGERVSFSCTASQSISNNNLNWYQQRTNGSPRLLIKYASESISGIPSRFSGSGSGTDFTLSINSVESEDIADYYCQQNNNWPTTFGAGTKLELKRTVAAPS,5.650056200261405
29,comb_cdrl1_lastrun_design_2_a107n,QVQLKQSGPGLVQPSQSLSITCTVSGFSLTNYGVHWVRQSPGKGLEWLGVIWSGGNTDYNTPFTSRLSINKDNSKSQVFFKMNSLQSNDTAIYYCARALTYYDYEFNYWGQGTLVTVSAGGGGSGGGGSGGGGSDILTQSPVILSVSPGERVSFSCRASQSISTYLNIHWYQQRTNGSPKLLIRYASESISGIPSRFSGSGSGTDFTLSINSVDPEDIADYYCQQNNNWPTTFGAGTKLELK,0.9121445417404176,0.8905205726623535,0.8948453664779663,0.8833014369010925,0.3912312984466553,0.9866551160812378,0.6897525787353516,0.6441856622695923,0.6953632235527039,0.6715545058250427,0.8545915614535223,/home/olnagl/pipelines/t3_capsids/data/analysis/top100/structures/comb_cdrl1_lastrun_design_2_a107n.cif,0.6588579416275024,0.2920344471931457,0.3653991460800171,0.824792742729187,0.3642830550670624,0.9759435653686525,7.0298566818237305,9.420843124389648,0.2423337250947952,0.1821612119674682,0.0126905244517632,/home/olnagl/pipelines/t3_capsids/data/analysis/top100/structures/comb_cdrl1_lastrun_design_2_a107n_vs_egfr_mutant.cif,0.841901037001759,DILTQSPVILSVSPGERVSFSCRASQSISTYLNIHWYQQRTNGSPKLLIRYASESISGIPSRFSGSGSGTDFTLSINSVDPEDIADYYCQQNNNWPTTFGAGTKLELK,5.041791588011252
30,sofia_design_148,QVQLKQSGPGLVQPSQSLSITCTVSGFSLTNYGVHWVRQSPGKGLEWLGVIWSGGNTDYNTPFTSRLSINKDNSKSQVFFKMNSLQSNDTAIYYCARALTYYDYEFAYWGQGTLVTVSAGGGGSGGGGSGGGGSDILLTQSPVILSVSPGERVSFSCRASQNISTNLNWYQQRTNGSPRLLIKYASESISGIPSRFSGSGSGTDFTLSINSVESEDIADYYCQQNNNWPTTFGAGTKLELKRTVAAPS,0.9136775135993958,0.8979003429412842,0.9010557770729064,0.8913612365722656,0.4062036275863647,0.9875739812850952,0.6787649989128113,0.5982816219329834,0.7051451206207275,0.6802119612693787,0.853957629416982,/home/olnagl/pipelines/t3_capsids/data/analysis/top100/structures/sofia_design_148.cif,0.6851951479911804,0.3507201969623565,0.4176151871681213,0.8321326971054077,0.3335276246070862,0.9828342199325562,6.580105781555176,8.085906028747559,0.2831276059150696,0.2082729041576385,0.013401649887555,/home/olnagl/pipelines/t3_capsids/data/analysis/top100/structures/sofia_design_148_vs_egfr_mutant.cif,0.840555979529427,DILLTQSPVILSVSPGERVSFSCRASQNISTNLNWYQQRTNGSPRLLIKYASESISGIPSRFSGSGSGTDFTLSINSVESEDIADYYCQQNNNWPTTFGAGTKLELKRTVAAPS,5.088271695265313
31,comb_cdrl1_design_5_a107n,QVQLKQSGPGLVQPSQSLSITCTVSGFSLTNYGVHWVRQSPGKGLEWLGVIWSGGNTDYNTPFTSRLSINKDNSKSQVFFKMNSLQSNDTAIYYCARALTYYDYEFNYWGQGTLVTVSAGGGGSGGGGSGGGGSDILTQSPVILSVSPGERVSFSCRSSQSVTTNGNNYLNIHWYQQRTNGSPKLLIRYASESISGIPSRFSGSGSGTDFTLSINSVDPEDIADYYCQQNNNWPTTFGAGTKLELK,0.9126200675964355,0.8961331844329834,0.8994305610656739,0.8727394938468933,0.3234624564647674,0.986880660057068,0.6725713014602661,0.6142817735671997,0.6825389266014099,0.6809950470924377,0.8532397331960058,/home/olnagl/pipelines/t3_capsids/data/analysis/top100/structures/comb_cdrl1_design_5_a107n.cif,0.7966094613075256,0.6255149841308594,0.6597338795661927,0.8388856053352356,0.3303882777690887,0.9782277941703796,4.0259928703308105,3.887613296508789,0.4936554431915283,0.4415372610092163,0.3088047332244472,/home/olnagl/pipelines/t3_capsids/data/analysis/top100/structures/comb_cdrl1_design_5_a107n_vs_egfr_mutant.cif,0.5444349999715585,DILTQSPVILSVSPGERVSFSCRSSQSVTTNGNNYLNIHWYQQRTNGSPKLLIRYASESISGIPSRFSGSGSGTDFTLSINSVDPEDIADYYCQQNNNWPTTFGAGTKLELK,5.777352825256937
32,sofia_design_110,QVQLKQSGPGLVQPSQSLSITCTVSGFSLTNYGVHWVRQSPGKGLEWLGVIWSGGNTDYNTPFTSRLSINKDNSKSQVFFKMNSLQSNDTAIYYCARALTYYDYEFAYWGQGTLVTVSAGGGGSGGGGSGGGGSDILLTQSPVILSVSPGERVSFSCRASQSIYNNNLNWYQQRTNGSPRLLIKYASESISGIPSRFSGSGSGTDFTLSINSVESEDIADYYCQQNNNWPTTFGAGTKLELKRTVAAPS,0.9099326729774476,0.8911175727844238,0.8948805928230287,0.8852113485336304,0.419447124004364,0.9867637753486632,0.7023446559906006,0.6198959350585938,0.6908321976661682,0.6711127161979675,0.8531827971291571,/home/olnagl/pipelines/t3_capsids/data/analysis/top100/structures/sofia_design_110.cif,0.6772390007972717,0.3342850506305694,0.4028758406639099,0.8283674716949463,0.2478912323713302,0.9743033051490784,6.081709861755371,9.012947082519531,0.2764752507209778,0.1885124146938324,0.0153503246626294,/home/olnagl/pipelines/t3_capsids/data/analysis/top100/structures/sofia_design_110_vs_egfr_mutant.cif,0.8378324724665277,DILLTQSPVILSVSPGERVSFSCRASQSIYNNNLNWYQQRTNGSPRLLIKYASESISGIPSRFSGSGSGTDFTLSINSVESEDIADYYCQQNNNWPTTFGAGTKLELKRTVAAPS,5.795421889117421
33,sofia_design_129,QVQLKQSGPGLVQPSQSLSITCTVSGFSLTNYGVHWVRQSPGKGLEWLGVIWSGGNTDYNTPFTSRLSINKDNSKSQVFFKMNSLQSNDTAIYYCARALTYYDYEFAYWGQGTLVTVSAGGGGSGGGGSGGGGSDILLTQSPVILSVSPGERVSFSCRASQSVYNNNLNWYQQRTNGSPRLLIKYASESISGIPSRFSGSGSGTDFTLSINSVESEDIADYYCQQNNNWPTTFGAGTKLELKRTVAAPS,0.9082637429237366,0.8902170062065125,0.8938263535499573,0.8827359080314636,0.4140220582485199,0.986827552318573,0.7177320122718811,0.6126757860183716,0.6864436268806458,0.6678736805915833,0.8529529312727647,/home/olnagl/pipelines/t3_capsids/data/analysis/top100/structures/sofia_design_129.cif,0.6762992739677429,0.3347847163677215,0.4030876278877259,0.8171296119689941,0.2303085476160049,0.9746261835098268,6.795679092407227,7.997921943664551,0.2714270055294037,0.1979319453239441,0.0133577981227275,/home/olnagl/pipelines/t3_capsids/data/analysis/top100/structures/sofia_design_129_vs_egfr_mutant.cif,0.8395951331500372,DILLTQSPVILSVSPGERVSFSCRASQSVYNNNLNWYQQRTNGSPRLLIKYASESISGIPSRFSGSGSGTDFTLSINSVESEDIADYYCQQNNNWPTTFGAGTKLELKRTVAAPS,5.76752772884307
34,comb_cdrl1_design_6_a107n_v50q,QVQLKQSGPGLVQPSQSLSITCTVSGFSLTNYGVHWVRQSPGKGLEWLGQIWSGGNTDYNTPFTSRLSINKDNSKSQVFFKMNSLQSNDTAIYYCARALTYYDYEFNYWGQGTLVTVSAGGGGSGGGGSGGGGSDILTQSPVILSVSPGERVSFSCRASQSISNNNLNIHWYQQRTNGSPKLLIRYASESISGIPSRFSGSGSGTDFTLSINSVDPEDIADYYCQQNNNWPTTFGAGTKLELK,0.9070454239845276,0.8809376358985901,0.8861591935157777,0.8794674277305603,0.3707737922668457,0.9864548444747924,0.7036703824996948,0.6592998504638672,0.6922517418861389,0.6521028876304626,0.8522022196532735,/home/olnagl/pipelines/t3_capsids/data/analysis/top100/structures/comb_cdrl1_design_6_a107n_v50q.cif,0.6143433451652527,0.1747310906648636,0.2626535415649414,0.8211835622787476,0.3228443264961242,0.978095769882202,6.539825916290283,18.71158027648925,0.1541567146778106,0.0697410553693771,0.0137825484315472,/home/olnagl/pipelines/t3_capsids/data/analysis/top100/structures/comb_cdrl1_design_6_a107n_v50q_vs_egfr_mutant.cif,0.8384196712217262,DILTQSPVILSVSPGERVSFSCRASQSISNNNLNIHWYQQRTNGSPKLLIRYASESISGIPSRFSGSGSGTDFTLSINSVDPEDIADYYCQQNNNWPTTFGAGTKLELK,5.5722587813411195
35,cdrl1_design_6,QVQLKQSGPGLVQPSQSLSITCTVSGFSLTNYGVHWVRQSPGKGLEWLGVIWSGGNTDYNTPFTSRLSINKDNSKSQVFFKMNSLQSNDTAIYYCARALTYYDYEFAYWGQGTLVTVSAGGGGSGGGGSGGGGSDILTQSPVILSVSPGERVSFSCRASQSISNNNLNIHWYQQRTNGSPKLLIRYASESISGIPSRFSGSGSGTDFTLSINSVDPEDIADYYCQQNNNWPTTFGAGTKLELK,0.9065062403678894,0.8765678405761719,0.8825555205345155,0.8816880583763123,0.3505391478538513,0.9869565963745116,0.7017558217048645,0.6593389511108398,0.6948128938674927,0.6588960289955139,0.8521522262725886,/home/olnagl/pipelines/t3_capsids/data/analysis/top100/structures/cdrl1_design_6.cif,0.5982913374900818,0.1392669230699539,0.2310718059539795,0.8187557458877563,0.3074467480182647,0.9775620698928832,8.42051887512207,22.881139755249023,0.1267408281564712,0.0637556537985801,0.0,/home/olnagl/pipelines/t3_capsids/data/analysis/top100/structures/cdrl1_design_6_vs_egfr_mutant.cif,0.8521522262725886,DILTQSPVILSVSPGERVSFSCRASQSISNNNLNIHWYQQRTNGSPKLLIRYASESISGIPSRFSGSGSGTDFTLSINSVDPEDIADYYCQQNNNWPTTFGAGTKLELK,5.5722587813411195
36,sofia_design_120,QVQLKQSGPGLVQPSQSLSITCTVSGFSLTNYGVHWVRQSPGKGLEWLGVIWSGGNTDYNTPFTSRLSINKDNSKSQVFFKMNSLQSNDTAIYYCARALTYYDYEFAYWGQGTLVTVSAGGGGSGGGGSGGGGSDILLTQSPVILSVSPGERVSFSCRASQNIYNNNLNWYQQRTNGSPRLLIKYASESISGIPSRFSGSGSGTDFTLSINSVESEDIADYYCQQNNNWPTTFGAGTKLELKRTVAAPS,0.909144639968872,0.890503466129303,0.8942317008972169,0.8854618072509766,0.4169454276561737,0.9871487617492676,0.6949170231819153,0.6055538654327393,0.6898585557937622,0.6720063090324402,0.8519908575284989,/home/olnagl/pipelines/t3_capsids/data/analysis/top100/structures/sofia_design_120.cif,0.6928288340568542,0.3702604174613952,0.434774100780487,0.832838237285614,0.3249360620975494,0.977491021156311,5.913505554199219,8.877839088439941,0.3022093474864959,0.2067296206951141,0.0269971584489789,/home/olnagl/pipelines/t3_capsids/data/analysis/top100/structures/sofia_design_120_vs_egfr_mutant.cif,0.8249936990795199,DILLTQSPVILSVSPGERVSFSCRASQNIYNNNLNWYQQRTNGSPRLLIKYASESISGIPSRFSGSGSGTDFTLSINSVESEDIADYYCQQNNNWPTTFGAGTKLELKRTVAAPS,5.670776468784633
37,sofia_design_182,QVQLKQSGPGLVQPSQSLSITCTVSGFSLTNYGVHWVRQSPGKGLEWLGVIWSGGNTDYNTPFTSRLSINKDNSKSQVFFKMNSLQSNDTAIYYCARALTYYDYEFAYWGQGTLVTVSAGGGGSGGGGSGGGGSDILLTQSPVILSVSPGERVSFSCRASQYIYNNNLNWYQQRTNGSPRLLIKYASESISGIPSRFSGSGSGTDFTLSINSVESEDIADYYCQQNNNWPTTFGAGTKLELKRTVAAPS,0.909081757068634,0.8881657719612122,0.8923489689826967,0.885911226272583,0.4068335294723511,0.9869402647018432,0.6984626650810242,0.6146460771560669,0.6911937594413757,0.6705048680305481,0.8516974193899507,/home/olnagl/pipelines/t3_capsids/data/analysis/top100/structures/sofia_design_182.cif,0.6756628155708313,0.328476071357727,0.3979134202003479,0.8300966024398804,0.3762228488922119,0.9768805503845216,6.259016036987305,10.07809066772461,0.2692617177963257,0.1781165301799774,0.0143959458126449,/home/olnagl/pipelines/t3_capsids/data/analysis/top100/structures/sofia_design_182_vs_egfr_mutant.cif,0.8373014735773058,DILLTQSPVILSVSPGERVSFSCRASQYIYNNNLNWYQQRTNGSPRLLIKYASESISGIPSRFSGSGSGTDFTLSINSVESEDIADYYCQQNNNWPTTFGAGTKLELKRTVAAPS,5.869049286906034
38,sofia_design_056,QVQLKQSGPGLVQPSQSLSITCTVSGFSLTNYGVHWVRQSPGKGLEWLGVIWSGGNTDYNTPFTSRLSINKDNSKSQVFFKMNSLQSNDTAIYYCARALTYYDYEFAYWGQGTLVTVSAGGGGSGGGGSGGGGSDILLTQSPVILSVSPGERVSFSCRSSQSLYYQGNSYLHWYQQRTNGSPRLLIKYASESISGIPSRFSGSGSGTDFTLSINSVESEDIADYYCQQNNNWPTTFGAGTKLELKRTVAAPS,0.9115594625473022,0.8889741897583008,0.8934912443161012,0.884356677532196,0.3626630306243896,0.9862303733825684,0.8007845878601074,0.7046400308609009,0.6912748217582703,0.6728796362876892,0.8497998622045088,/home/olnagl/pipelines/t3_capsids/data/analysis/top100/structures/sofia_design_056.cif,0.7237250804901123,0.4372912943363189,0.4945780515670777,0.8365047574043274,0.3324478268623352,0.9794063568115234,4.890157699584961,7.244371891021728,0.3473460078239441,0.2872313559055328,0.0708205617763267,/home/olnagl/pipelines/t3_capsids/data/analysis/top100/structures/sofia_design_056_vs_egfr_mutant.cif,0.778979300428182,DILLTQSPVILSVSPGERVSFSCRSSQSLYYQGNSYLHWYQQRTNGSPRLLIKYASESISGIPSRFSGSGSGTDFTLSINSVESEDIADYYCQQNNNWPTTFGAGTKLELKRTVAAPS,6.359671836780972
39,sofia_design_123,QVQLKQSGPGLVQPSQSLSITCTVSGFSLTNYGVHWVRQSPGKGLEWLGVIWSGGNTDYNTPFTSRLSINKDNSKSQVFFKMNSLQSNDTAIYYCARALTYYDYEFAYWGQGTLVTVSAGGGGSGGGGSGGGGSDILLTQSPVILSVSPGERVSFSCRASQNVYNNNLNWYQQRTNGSPRLLIKYASESISGIPSRFSGSGSGTDFTLSINSVESEDIADYYCQQNNNWPTTFGAGTKLELKRTVAAPS,0.904179871082306,0.8869284391403198,0.890378725528717,0.879046618938446,0.2583101093769073,0.9866048097610474,0.7347742319107056,0.6233062148094177,0.6802777647972107,0.6669758558273315,0.8496756925836487,/home/olnagl/pipelines/t3_capsids/data/analysis/top100/structures/sofia_design_123.cif,0.6988115310668945,0.385665088891983,0.4482943773269653,0.8244872093200684,0.2409004867076873,0.9752230644226074,6.396719932556152,7.878776550292969,0.3091263175010681,0.2307662218809127,0.0195316079663372,/home/olnagl/pipelines/t3_capsids/data/analysis/top100/structures/sofia_design_123_vs_egfr_mutant.cif,0.8301440846173115,DILLTQSPVILSVSPGERVSFSCRASQNVYNNNLNWYQQRTNGSPRLLIKYASESISGIPSRFSGSGSGTDFTLSINSVESEDIADYYCQQNNNWPTTFGAGTKLELKRTVAAPS,5.727549489524278
40,cdrl1_wt,QVQLKQSGPGLVQPSQSLSITCTVSGFSLTNYGVHWVRQSPGKGLEWLGVIWSGGNTDYNTPFTSRLSINKDNSKSQVFFKMNSLQSNDTAIYYCARALTYYDYEFAYWGQGTLVTVSAGGGGSGGGGSGGGGSDILTQSPVILSVSPGERVSFSCRASQSISTYLNIHWYQQRTNGSPKLLIRYASESISGIPSRFSGSGSGTDFTLSINSVDPEDIADYYCQQNNNWPTTFGAGTKLELK,0.9065515398979188,0.8767143487930298,0.8826817870140076,0.8790847659111023,0.3735466003417969,0.9869130253791808,0.7254668474197388,0.6787680983543396,0.6844151616096497,0.6583606004714966,0.8483708823808553,/home/olnagl/pipelines/t3_capsids/data/analysis/top100/structures/cdrl1_wt.cif,0.6433665752410889,0.2700149416923523,0.3446852684020996,0.8135952353477478,0.233848363161087,0.97752445936203,6.466813087463379,12.834882736206056,0.2143561989068985,0.1454051882028579,0.0130899840580808,/home/olnagl/pipelines/t3_capsids/data/analysis/top100/structures/cdrl1_wt_vs_egfr_mutant.cif,0.8352808983227745,DILTQSPVILSVSPGERVSFSCRASQSISTYLNIHWYQQRTNGSPKLLIRYASESISGIPSRFSGSGSGTDFTLSINSVDPEDIADYYCQQNNNWPTTFGAGTKLELK,5.041791588011252
41,comb_cdrl1_design_6_a107n,QVQLKQSGPGLVQPSQSLSITCTVSGFSLTNYGVHWVRQSPGKGLEWLGVIWSGGNTDYNTPFTSRLSINKDNSKSQVFFKMNSLQSNDTAIYYCARALTYYDYEFNYWGQGTLVTVSAGGGGSGGGGSGGGGSDILTQSPVILSVSPGERVSFSCRASQSISNNNLNIHWYQQRTNGSPKLLIRYASESISGIPSRFSGSGSGTDFTLSINSVDPEDIADYYCQQNNNWPTTFGAGTKLELK,0.905988335609436,0.8769848346710205,0.8827855348587037,0.8775145411491394,0.2750908732414245,0.9863154292106628,0.7349718809127808,0.6576454639434814,0.6870230436325073,0.6546987295150757,0.8481915564502772,/home/olnagl/pipelines/t3_capsids/data/analysis/top100/structures/comb_cdrl1_design_6_a107n.cif,0.6558273434638977,0.2770687043666839,0.3528204321861267,0.8250311017036438,0.3340880274772644,0.9737296104431152,6.816983699798584,9.19709587097168,0.2322710454463958,0.1742862910032272,0.0123346846073524,/home/olnagl/pipelines/t3_capsids/data/analysis/top100/structures/comb_cdrl1_design_6_a107n_vs_egfr_mutant.cif,0.8358568718429248,DILTQSPVILSVSPGERVSFSCRASQSISNNNLNIHWYQQRTNGSPKLLIRYASESISGIPSRFSGSGSGTDFTLSINSVDPEDIADYYCQQNNNWPTTFGAGTKLELK,5.5722587813411195
42,cdrl1_lastrun_design_2,QVQLKQSGPGLVQPSQSLSITCTVSGFSLTNYGVHWVRQSPGKGLEWLGVIWSGGNTDYNTPFTSRLSINKDNSKSQVFFKMNSLQSNDTAIYYCARALTYYDYEFAYWGQGTLVTVSAGGGGSGGGGSGGGGSDILTQSPVILSVSPGERVSFSCRASQSISTYLNIHWYQQRTNGSPKLLIRYASESISGIPSRFSGSGSGTDFTLSINSVDPEDIADYYCQQNNNWPTTFGAGTKLELK,0.9046977162361144,0.8755748867988586,0.8813994526863099,0.8775379061698914,0.3746998310089111,0.9868289828300476,0.7283763885498047,0.6844743490219116,0.6814503073692322,0.6546844840049744,0.8458002964654777,/home/olnagl/pipelines/t3_capsids/data/analysis/top100/structures/cdrl1_lastrun_design_2.cif,0.6433525085449219,0.2706184983253479,0.3451653003692627,0.8136329054832458,0.234586477279663,0.9774408936500548,6.4525346755981445,12.656675338745115,0.2145912647247314,0.1455200910568237,0.0142814775446027,/home/olnagl/pipelines/t3_capsids/data/analysis/top100/structures/cdrl1_lastrun_design_2_vs_egfr_mutant.cif,0.831518818920875,DILTQSPVILSVSPGERVSFSCRASQSISTYLNIHWYQQRTNGSPKLLIRYASESISGIPSRFSGSGSGTDFTLSINSVDPEDIADYYCQQNNNWPTTFGAGTKLELK,5.041791588011252
43,sofia_design_135,QVQLKQSGPGLVQPSQSLSITCTVSGFSLTNYGVHWVRQSPGKGLEWLGVIWSGGNTDYNTPFTSRLSINKDNSKSQVFFKMNSLQSNDTAIYYCARALTYYDYEFAYWGQGTLVTVSAGGGGSGGGGSGGGGSDILLTQSPVILSVSPGERVSFSCRASQYVYNSNLNWYQQRTNGSPRLLIKYASESISGIPSRFSGSGSGTDFTLSINSVESEDIADYYCQQNNNWPTTFGAGTKLELKRTVAAPS,0.9072574973106384,0.8864602446556091,0.890619695186615,0.8843699097633362,0.4103531241416931,0.9868764877319336,0.7057604789733887,0.6329611539840698,0.6863791346549988,0.6673352122306824,0.8442788759296308,/home/olnagl/pipelines/t3_capsids/data/analysis/top100/structures/sofia_design_135.cif,0.6796453595161438,0.3405753672122955,0.4083893656730651,0.8320332169532776,0.3784660100936889,0.9742879867553712,6.245779037475586,8.72964859008789,0.2794661223888397,0.190455749630928,0.0151468023435636,/home/olnagl/pipelines/t3_capsids/data/analysis/top100/structures/sofia_design_135_vs_egfr_mutant.cif,0.8291320735860672,DILLTQSPVILSVSPGERVSFSCRASQYVYNSNLNWYQQRTNGSPRLLIKYASESISGIPSRFSGSGSGTDFTLSINSVESEDIADYYCQQNNNWPTTFGAGTKLELKRTVAAPS,6.033515143549633
44,sofia_design_160,QVQLKQSGPGLVQPSQSLSITCTVSGFSLTNYGVHWVRQSPGKGLEWLGVIWSGGNTDYNTPFTSRLSINKDNSKSQVFFKMNSLQSNDTAIYYCARALTYYDYEFAYWGQGTLVTVSAGGGGSGGGGSGGGGSDILLTQSPVILSVSPGERVSFSCRASGGSVYNNNLNWYQQRTNGSPRLLIKYASESISGIPSRFSGSGSGTDFTLSINSVESEDIADYYCQQNNNWPTTFGAGTKLELKRTVAAPS,0.905262291431427,0.8930622935295105,0.8955022931098939,0.8767364621162415,0.3955624103546142,0.9866751432418824,0.7148826122283936,0.6606413125991821,0.6764492392539978,0.6670271754264832,0.8441009637419231,/home/olnagl/pipelines/t3_capsids/data/analysis/top100/structures/sofia_design_160.cif,0.6760672926902771,0.3421078622341156,0.4088997483253479,0.8208222985267639,0.3663796484470367,0.9757637977600098,6.662623405456543,9.780879020690918,0.2761606276035309,0.1993167102336883,0.0140678174515782,/home/olnagl/pipelines/t3_capsids/data/analysis/top100/structures/sofia_design_160_vs_egfr_mutant.cif,0.8300331462903449,DILLTQSPVILSVSPGERVSFSCRASGGSVYNNNLNWYQQRTNGSPRLLIKYASESISGIPSRFSGSGSGTDFTLSINSVESEDIADYYCQQNNNWPTTFGAGTKLELKRTVAAPS,6.215307255763013
45,comb_cdrl1_wt_a107n_v50q,QVQLKQSGPGLVQPSQSLSITCTVSGFSLTNYGVHWVRQSPGKGLEWLGQIWSGGNTDYNTPFTSRLSINKDNSKSQVFFKMNSLQSNDTAIYYCARALTYYDYEFNYWGQGTLVTVSAGGGGSGGGGSGGGGSDILTQSPVILSVSPGERVSFSCRASQSISTYLNIHWYQQRTNGSPKLLIRYASESISGIPSRFSGSGSGTDFTLSINSVDPEDIADYYCQQNNNWPTTFGAGTKLELK,0.90743225812912,0.8814674019813538,0.8866603732109071,0.8804223537445068,0.3800787627696991,0.98548424243927,0.7271994948387146,0.6817095875740051,0.6886720657348633,0.6651479601860046,0.8435275811692664,/home/olnagl/pipelines/t3_capsids/data/analysis/top100/structures/comb_cdrl1_wt_a107n_v50q.cif,0.6841182112693787,0.3725683689117431,0.4348783373832703,0.8229976892471313,0.3310643136501312,0.9749231338500975,5.905550956726074,7.457594394683838,0.2920510470867157,0.2353337705135345,0.0230539892309267,/home/olnagl/pipelines/t3_capsids/data/analysis/top100/structures/comb_cdrl1_wt_a107n_v50q_vs_egfr_mutant.cif,0.8204735919383397,DILTQSPVILSVSPGERVSFSCRASQSISTYLNIHWYQQRTNGSPKLLIRYASESISGIPSRFSGSGSGTDFTLSINSVDPEDIADYYCQQNNNWPTTFGAGTKLELK,5.041791588011252
46,comb_cdrl1_design_4_v50q,QVQLKQSGPGLVQPSQSLSITCTVSGFSLTNYGVHWVRQSPGKGLEWLGQIWSGGNTDYNTPFTSRLSINKDNSKSQVFFKMNSLQSNDTAIYYCARALTYYDYEFAYWGQGTLVTVSAGGGGSGGGGSGGGGSDILTQSPVILSVSPGERVSFSCRASQSLSGGNYLHIHWYQQRTNGSPKLLIRYASESISGIPSRFSGSGSGTDFTLSINSVDPEDIADYYCQQNNNWPTTFGAGTKLELK,0.9007031321525574,0.8705534934997559,0.8765834212303163,0.8778676390647888,0.3905667960643768,0.9850738644599916,0.8475376963615417,0.7291125059127808,0.6847602725028992,0.6452283263206482,0.8431097772336129,/home/olnagl/pipelines/t3_capsids/data/analysis/top100/structures/comb_cdrl1_design_4_v50q.cif,0.7483957409858704,0.499206930398941,0.5490446925163269,0.8282344341278076,0.3315626978874206,0.9794598817825316,4.064264297485352,4.3320631980896,0.3977377712726593,0.3261027932167053,0.1669670665013369,/home/olnagl/pipelines/t3_capsids/data/analysis/top100/structures/comb_cdrl1_design_4_v50q_vs_egfr_mutant.cif,0.6761427107322759,DILTQSPVILSVSPGERVSFSCRASQSLSGGNYLHIHWYQQRTNGSPKLLIRYASESISGIPSRFSGSGSGTDFTLSINSVDPEDIADYYCQQNNNWPTTFGAGTKLELK,5.562926374711801
47,cdrl1_design_5,QVQLKQSGPGLVQPSQSLSITCTVSGFSLTNYGVHWVRQSPGKGLEWLGVIWSGGNTDYNTPFTSRLSINKDNSKSQVFFKMNSLQSNDTAIYYCARALTYYDYEFAYWGQGTLVTVSAGGGGSGGGGSGGGGSDILTQSPVILSVSPGERVSFSCRSSQSVTTNGNNYLNIHWYQQRTNGSPKLLIRYASESISGIPSRFSGSGSGTDFTLSINSVDPEDIADYYCQQNNNWPTTFGAGTKLELK,0.9089021682739258,0.8859157562255859,0.8905130386352539,0.8718329668045044,0.2803540825843811,0.986821949481964,0.7098612785339355,0.6283204555511475,0.6788561940193176,0.6707338690757751,0.8428191818612192,/home/olnagl/pipelines/t3_capsids/data/analysis/top100/structures/cdrl1_design_5.cif,0.7688490152359009,0.5617817044258118,0.6031951665878297,0.8383448123931885,0.2528553009033203,0.979543387889862,4.970531463623047,5.245868682861328,0.4453955590724945,0.3997180461883545,0.205213929121695,/home/olnagl/pipelines/t3_capsids/data/analysis/top100/structures/cdrl1_design_5_vs_egfr_mutant.cif,0.6376052527395242,DILTQSPVILSVSPGERVSFSCRSSQSVTTNGNNYLNIHWYQQRTNGSPKLLIRYASESISGIPSRFSGSGSGTDFTLSINSVDPEDIADYYCQQNNNWPTTFGAGTKLELK,5.777352825256937
48,sofia_design_162,QVQLKQSGPGLVQPSQSLSITCTVSGFSLTNYGVHWVRQSPGKGLEWLGVIWSGGNTDYNTPFTSRLSINKDNSKSQVFFKMNSLQSNDTAIYYCARALTYYDYEFAYWGQGTLVTVSAGGGGSGGGGSGGGGSDILLTQSPVILSVSPGERVSFSCKASGGSVYNNNLNWYQQRTNGSPRLLIKYASESISGIPSRFSGSGSGTDFTLSINSVESEDIADYYCQQNNNWPTTFGAGTKLELKRTVAAPS,0.9050567150115968,0.891518771648407,0.894226360321045,0.8770326375961304,0.4054267406463623,0.986465334892273,0.7310916185379028,0.662834882736206,0.675354540348053,0.6685845851898193,0.8426204069247794,/home/olnagl/pipelines/t3_capsids/data/analysis/top100/structures/sofia_design_162.cif,0.662272572517395,0.3093946576118469,0.3799702405929566,0.8195521831512451,0.3715777695178985,0.9756342768669128,6.922794818878174,10.691503524780272,0.2520604431629181,0.179372489452362,0.0132676737234499,/home/olnagl/pipelines/t3_capsids/data/analysis/top100/structures/sofia_design_162_vs_egfr_mutant.cif,0.8293527332013294,DILLTQSPVILSVSPGERVSFSCKASGGSVYNNNLNWYQQRTNGSPRLLIKYASESISGIPSRFSGSGSGTDFTLSINSVESEDIADYYCQQNNNWPTTFGAGTKLELKRTVAAPS,6.299154876128087
49,comb_cdrl1_lastrun_design_2_a107n_v50q,QVQLKQSGPGLVQPSQSLSITCTVSGFSLTNYGVHWVRQSPGKGLEWLGQIWSGGNTDYNTPFTSRLSINKDNSKSQVFFKMNSLQSNDTAIYYCARALTYYDYEFNYWGQGTLVTVSAGGGGSGGGGSGGGGSDILTQSPVILSVSPGERVSFSCRASQSISTYLNIHWYQQRTNGSPKLLIRYASESISGIPSRFSGSGSGTDFTLSINSVDPEDIADYYCQQNNNWPTTFGAGTKLELK,0.9078444242477416,0.8798292875289917,0.8854323148727418,0.8809376955032349,0.397771269083023,0.9852695465087892,0.7369022369384766,0.7047893404960632,0.6885335445404053,0.6662731170654297,0.8397061064841577,/home/olnagl/pipelines/t3_capsids/data/analysis/top100/structures/comb_cdrl1_lastrun_design_2_a107n_v50q.cif,0.6544041633605957,0.2858169674873352,0.3595344066619873,0.8189913034439087,0.281787633895874,0.9734390377998352,6.365772247314453,7.490137100219727,0.2341311573982238,0.1799879372119903,0.0143578620378095,/home/olnagl/pipelines/t3_capsids/data/analysis/top100/structures/comb_cdrl1_lastrun_design_2_a107n_v50q_vs_egfr_mutant.cif,0.8253482444463481,DILTQSPVILSVSPGERVSFSCRASQSISTYLNIHWYQQRTNGSPKLLIRYASESISGIPSRFSGSGSGTDFTLSINSVDPEDIADYYCQQNNNWPTTFGAGTKLELK,5.041791588011252
50,sofia_design_149,QVQLKQSGPGLVQPSQSLSITCTVSGFSLTNYGVHWVRQSPGKGLEWLGVIWSGGNTDYNTPFTSRLSINKDNSKSQVFFKMNSLQSNDTAIYYCARALTYYDYEFAYWGQGTLVTVSAGGGGSGGGGSGGGGSDILLTQSPVILSVSPGERVSFSCRASQSVTNNGNSYLNWYQQRTNGSPRLLIKYASESISGIPSRFSGSGSGTDFTLSINSVESEDIADYYCQQNNNWPTTFGAGTKLELKRTVAAPS,0.9083497524261476,0.8798765540122986,0.8855711936950684,0.8813100457191467,0.3621723055839538,0.9853907823562622,0.6361632943153381,0.6327662467956543,0.6883977651596069,0.653343677520752,0.8386947712669498,/home/olnagl/pipelines/t3_capsids/data/analysis/top100/structures/sofia_design_149.cif,0.710098385810852,0.4068875312805176,0.4675297021865845,0.8320702910423279,0.2745535671710968,0.9805607199668884,5.59366512298584,7.0857696533203125,0.3274128437042236,0.2625631093978882,0.0454954721789775,/home/olnagl/pipelines/t3_capsids/data/analysis/top100/structures/sofia_design_149_vs_egfr_mutant.cif,0.7931992990879723,DILLTQSPVILSVSPGERVSFSCRASQSVTNNGNSYLNWYQQRTNGSPRLLIKYASESISGIPSRFSGSGSGTDFTLSINSVESEDIADYYCQQNNNWPTTFGAGTKLELKRTVAAPS,5.7246579758313985
